,ID,name,categories,lat,lng,cuisines,Rating,Cost for Two
0,,The Big Chill Cafe,Italian Restaurant,28.60068629868818,77.22763621585838,Cafe,4.4,1500.0
1,,SODABOTTLEOPENERWALA,Irani Cafe,28.600140869804918,77.22627303643019,"Parsi, North Indian",4.3,1700.0
2,,L'Opera,Café,28.599784379249712,77.2261441150033,"Mughlai, Kebab",3.7,450.0
3,,Smoke House Deli,French Restaurant,28.599850091754014,77.22689969233812,"Italian, European, Cafe, American, Salad, Juices, Burger, Healthy Food",4.2,1650.0
4,,Perch,Café,28.599987403620787,77.22634986618046,"Healthy Food, Salad, Desserts",4.1,900.0
5,,Yellow Brick Road,Restaurant,28.601884437159832,77.22929799913159,"Continental, North Indian, South Indian, Italian",4.0,3500.0
6,,Varq | वर्क,Indian Restaurant,28.60454694756125,77.2237810008916,"Seafood, North Indian, Kebab",4.2,4500.0
7,,Khan Chacha,Indian Restaurant,28.600618250461434,77.22723729363604,Cafe,4.4,1500.0
8,,Gulati Restaurant,Indian Restaurant,28.608010137218567,77.22998865890446,"North Indian, Mughlai, Kebab",4.4,2500.0
9,,La Vie,Mediterranean Restaurant,28.600448608398438,77.2269515991211,"Italian, European",3.9,1400.0
10,,Machan,Restaurant,28.604657359815082,77.22370647084422,"North Indian, European, Continental, Salad",4.0,5000.0
11,,The Blue Door Cafe,Café,28.600067825914692,77.22658165186408,"Bakery, Desserts, Cafe",3.9,700.0
12,,Wok In The Clouds,Indian Restaurant,28.600501884081112,77.22722973943226,"Asian, Thai, Chinese, Salad",4.2,2200.0
13,,Indian Accent,Indian Restaurant,28.592025841987475,77.23800557290183,"North Indian, Continental, Italian, Salad",4.0,3500.0
14,,Sevilla,Mediterranean Restaurant,28.60114350202022,77.21617449259902,Chinese,3.9,5000.0
15,,Wasabi by Morimoto,Japanese Restaurant,28.604580465233415,77.22367224522354,"Seafood, North Indian, Kebab",4.2,4500.0
16,,La Bodega,Mexican Restaurant,28.60027598302998,77.22765266060333,"Italian, European",3.9,1400.0
17,,Élan @ The Lodhi,Restaurant,28.591598725492826,77.23820746338278,"Continental, Finger Food",3.3,5000.0
18,,Dhaba by Claridges,North Indian Restaurant,28.600633368284306,77.21655356969086,"European, Continental",3.9,3600.0
19,,Mamagoto,Chinese Restaurant,28.60046944516079,77.22727179033413,"Asian, Thai, Chinese, Salad",4.2,2200.0
20,,Cafe Turtle,Café,28.60015919868491,77.22723799043102,"Cafe, Italian, Lebanese, Healthy Food",3.7,1100.0
21,,Chatter House,Café,28.600297741949557,77.22706055353349,"Finger Food, Italian, North Indian",4.4,2000.0
22,,Smokeys BBQ & Grill,BBQ Joint,28.600465001178822,77.22713597194173,"Finger Food, Italian, North Indian",4.4,2000.0
23,,Havemore,Indian Restaurant,28.608032799884363,77.22994997865756,"Ice Cream, Desserts",3.9,200.0
24,,The Oberoi Patisserie and Delicatessen,Bakery,28.59644315763399,77.24008370957165,"Bakery, Desserts",3.9,3000.0
25,,UPSC Chaat,Snack Place,28.609323718076396,77.22787943787743,Street Food,0,200.0
26,,Lodi -The Garden Restaurant,Modern European Restaurant,28.590734573806962,77.22109782860821,Chinese,3.6,350.0
27,,The All American Diner,Diner,28.589250577250006,77.22558629729524,"American, Salad",4.1,1800.0
28,,Town Hall,Asian Restaurant,28.60018041926928,77.22695399681457,"Japanese, Thai, Italian, Asian",4.1,2500.0
29,,Guppy by ai,Japanese Restaurant,28.58460985818943,77.22370812439075,"Japanese, Seafood, Sushi, Poké",4.3,2700.0
30,,Delhi-o-Delhi,Indian Restaurant,28.589280520232073,77.22584827793551,"American, Salad",4.1,1800.0
31,,Choko La,Food,28.600138794487933,77.22644666913693,"Bakery, Desserts, Cafe",3.9,700.0
32,,Veg Gulati Restaurant,Vegetarian / Vegan Restaurant,28.609089135775704,77.23074316978455,"Ice Cream, Desserts",3.9,200.0
33,,Masala House,North Indian Restaurant,28.60233881932629,77.24130952010776,North Indian,4.5,1800.0
34,,The Ploof Deli Marketplace,Deli / Bodega,28.58358302989589,77.22328810710694,"Italian, European, Cafe, American, Salad, Juices, Burger, Healthy Food",4.2,1650.0
35,,Diva Spiced,Asian Restaurant,28.584408172454957,77.22665319932914,Asian,4.0,2000.0
36,,Ghalib Kabab Corner,BBQ Joint,28.592208821144702,77.24251672971961,"Mughlai, Kebab",4.0,450.0
37,,Chicken Inn,Indian Restaurant,28.607891404129532,77.2297518915048,"North Indian, Mughlai, Kebab",4.1,2300.0
38,,Andhra Bhavan Canteen,Indian Restaurant,28.617094521063013,77.22572098304474,"South Indian, Andhra",4.1,300.0
39,,Sidewok,Asian Restaurant,28.600765667334848,77.22701344517577,"Asian, Chinese, Japanese, Thai",4.0,2000.0
40,,Cafe 88,English Restaurant,28.582356265813527,77.22685006350183,"North Indian, Chinese, Fast Food",0,200.0
41,,The Coffee Bean And Tea Leaf,Café,28.600190716579885,77.22678658420796,"Cafe, Fast Food",3.9,700.0
42,,Oriental Octopus At Habitat,Chinese Restaurant,28.589232437923798,77.22568297009319,"American, Salad",4.1,1800.0
43,,Karims,Mughlai Restaurant,28.5913955903448,77.24365657296444,"Mughlai, North Indian",3.9,800.0
44,,Elma's Brasserie,Restaurant,28.584492612321917,77.22664730184378,"American, Continental, Italian, Bakery",3.9,2000.0
45,,Ploof - Gourmet Kitchen & Deli,Modern European Restaurant,28.583680934895142,77.22323443911782,North Indian,0,300.0
46,,McDonald's,Fast Food Restaurant,28.600607925464374,77.22778777419222,"Italian, Pizza, Salad, Finger Food",4.0,3500.0
47,,Ichiban,Chinese Restaurant,28.608002403345424,77.22979679951833,"Chinese, Thai, Japanese",4.0,1200.0
48,,Baci,Italian Restaurant,28.601524428890578,77.24129321579618,American,4.4,2300.0
49,,Subway,Sandwich Place,28.583212668506818,77.22666442662161,"Wraps, Healthy Food, Sandwich, Salad",3.9,350.0
50,,Hot Chimney,Indian Restaurant,28.58370160693686,77.22057434083216,"North Indian, Chinese, Mughlai",2.5,850.0
51,,Subway,Sandwich Place,28.5995844497909,77.22618510662795,"Wraps, Healthy Food, Sandwich, Salad",3.9,350.0
52,,Chez Nini,French Restaurant,28.584240018793125,77.2266520765692,"Cafe, French",3.8,700.0
53,,Taipan,Chinese Restaurant,28.596381599049252,77.23976220696932,NA,0,0.0
54,,Cafe Coffee Day,Café,28.59980834776502,77.22675299743563,"Bar Food, Asian, Mexican, American",4.1,1500.0
55,,Barcelos,Portuguese Restaurant,28.600379573312342,77.2270068585294,"Italian, Asian, European",4.9,2000.0
56,,Tres,Italian Restaurant,28.584647433365408,77.22316450155196,European,4.1,3000.0
57,,Sidewok (With Liquor),Chinese Restaurant,28.599813959695307,77.22695633585137,"Bakery, Desserts, Cafe",3.9,700.0
58,,Latitude 28,Café,28.59958791933262,77.2264117137863,"American, Continental, Italian, Juices",3.9,2000.0
59,,Eatopia,Food Court,28.58998253129265,77.22550008124124,"Pizza, Fast Food",3.6,500.0
60,,The Kitchen,Eastern European Restaurant,28.599850861853835,77.22638309121834,"North Indian, Chinese, Healthy Food",3.4,500.0
61,,Pandara Rd,Indian Restaurant,28.607999832217057,77.22989797242407,"Chinese, Thai, Japanese",4.0,1200.0
62,,Larry's China,Chinese Restaurant,28.601760878492893,77.22919615380913,Chinese,3.9,3200.0
63,,Pindi Restaurant,Restaurant,28.608018528891723,77.2298963114413,"North Indian, Mughlai, Kebab",4.4,2500.0
64,,The House of Ming,Chinese Restaurant,28.604503816964385,77.22359231888505,Chinese,4.1,5500.0
65,,Cafe Coffee Day,Café,28.58491064499612,77.22659453667941,"North Indian, Chinese, Fast Food",0,200.0
66,,Jade,Chinese Restaurant,28.600383802307814,77.21678961059109,Chinese,3.9,5000.0
67,,Pickwicks,Breakfast Spot,28.60056299912618,77.21667975591778,"European, Continental",3.9,3600.0
68,,Akash Air Force Officers Mess,Cafeteria,28.607946030057683,77.23423699212007,Cafe,0,500.0
69,,Kamal Restaurant,Indian Restaurant,28.60235,77.240698,South Indian,0,150.0
70,,Bombay Bhel Puri counter - Sunder Nagar,Snack Place,28.602452,77.240743,North Indian,3.9,550.0
71,,Sunder Nagar,Indian Restaurant,28.6022821763985,77.24079874063452,North Indian,3.9,550.0
72,,Delhi high court canteen,Cafeteria,28.60885933520754,77.23691449904433,Cafe,0,500.0
73,,Nathu's,Indian Restaurant,28.60247264877011,77.24077067576414,North Indian,3.1,250.0
74,,Spaghetti Kitchen,Italian Restaurant,28.602428406122005,77.24107377601055,"Continental, European",3.9,2200.0
75,,number 8 sundernagar market,Café,28.602582874738246,77.24125339060359,"North Indian, South Indian, Chinese, Street Food, Fast Food, Mithai, Desserts",3.8,600.0
76,,Aap Ki Khatir,Indian Restaurant,28.592860832086362,77.24133758484983,Mughlai,0,300.0
77,,Slice of Italy,Pizza Place,28.59301451828417,77.24201917648315,"Bakery, Desserts, Beverages",3.8,200.0
78,,Tahir Kabab Corner,Indian Restaurant,28.59172882171536,77.24453692163345,"North Indian, Mughlai, Kebab, Rolls",3.4,700.0
