,ID,name,categories,lat,lng,cuisines,Rating,Cost for Two
0,,Gulati Restaurant,Indian Restaurant,28.608010137218567,77.22998865890446,"North Indian, Mughlai, Kebab",4.4,2500.0
1,,The Big Chill Cafe,Italian Restaurant,28.60068629868818,77.22763621585838,Cafe,4.4,1500.0
2,,Varq | वर्क,Indian Restaurant,28.60454694756125,77.2237810008916,"Seafood, North Indian, Kebab",4.2,4500.0
3,,Yellow Brick Road,Restaurant,28.601884437159832,77.22929799913159,"Continental, North Indian, South Indian, Italian",4.0,3500.0
4,,SODABOTTLEOPENERWALA,Irani Cafe,28.600140869804918,77.22627303643019,"Parsi, North Indian",4.3,1700.0
5,,L'Opera,Café,28.599784379249712,77.2261441150033,"Mughlai, Kebab",3.7,450.0
6,,Smoke House Deli,French Restaurant,28.599850091754014,77.22689969233812,"Italian, European, Cafe, American, Salad, Juices, Burger, Healthy Food",4.2,1650.0
7,,Perch,Café,28.599987403620787,77.22634986618046,"Healthy Food, Salad, Desserts",4.1,900.0
8,,Khan Chacha,Indian Restaurant,28.600618250461434,77.22723729363604,Cafe,4.4,1500.0
9,,Machan,Restaurant,28.604657359815082,77.22370647084422,"North Indian, European, Continental, Salad",4.0,5000.0
10,,Havemore,Indian Restaurant,28.608032799884363,77.22994997865756,"Ice Cream, Desserts",3.9,200.0
11,,UPSC Chaat,Snack Place,28.609323718076396,77.22787943787743,Street Food,0,200.0
12,,La Vie,Mediterranean Restaurant,28.600448608398438,77.2269515991211,"Italian, European",3.9,1400.0
13,,Wasabi by Morimoto,Japanese Restaurant,28.604580465233415,77.22367224522354,"Seafood, North Indian, Kebab",4.2,4500.0
14,,Veg Gulati Restaurant,Vegetarian / Vegan Restaurant,28.609089135775704,77.23074316978455,"Ice Cream, Desserts",3.9,200.0
15,,Indian Accent,Indian Restaurant,28.592025841987475,77.23800557290183,"North Indian, Continental, Italian, Salad",4.0,3500.0
16,,Wok In The Clouds,Indian Restaurant,28.600501884081112,77.22722973943226,"Asian, Thai, Chinese, Salad",4.2,2200.0
17,,Café Lota,Café,28.613176514059944,77.24207084847977,"North Indian, South Indian, Bihari, Salad",4.4,1200.0
18,,The Blue Door Cafe,Café,28.600067825914692,77.22658165186408,"Bakery, Desserts, Cafe",3.9,700.0
19,,Chicken Inn,Indian Restaurant,28.607891404129532,77.2297518915048,"North Indian, Mughlai, Kebab",4.1,2300.0
20,,Sevilla,Mediterranean Restaurant,28.60114350202022,77.21617449259902,Chinese,3.9,5000.0
21,,Andhra Bhavan Canteen,Indian Restaurant,28.617094521063013,77.22572098304474,"South Indian, Andhra",4.1,300.0
22,,Élan @ The Lodhi,Restaurant,28.591598725492826,77.23820746338278,"Continental, Finger Food",3.3,5000.0
23,,The Oberoi Patisserie and Delicatessen,Bakery,28.59644315763399,77.24008370957165,"Bakery, Desserts",3.9,3000.0
24,,Masala House,North Indian Restaurant,28.60233881932629,77.24130952010776,North Indian,4.5,1800.0
25,,La Bodega,Mexican Restaurant,28.60027598302998,77.22765266060333,"Italian, European",3.9,1400.0
26,,Dhaba by Claridges,North Indian Restaurant,28.600633368284306,77.21655356969086,"European, Continental",3.9,3600.0
27,,Mamagoto,Chinese Restaurant,28.60046944516079,77.22727179033413,"Asian, Thai, Chinese, Salad",4.2,2200.0
28,,Cafe Turtle,Café,28.60015919868491,77.22723799043102,"Cafe, Italian, Lebanese, Healthy Food",3.7,1100.0
29,,Chatter House,Café,28.600297741949557,77.22706055353349,"Finger Food, Italian, North Indian",4.4,2000.0
30,,Smokeys BBQ & Grill,BBQ Joint,28.600465001178822,77.22713597194173,"Finger Food, Italian, North Indian",4.4,2000.0
31,,Ghalib Kabab Corner,BBQ Joint,28.592208821144702,77.24251672971961,"Mughlai, Kebab",4.0,450.0
32,,Town Hall,Asian Restaurant,28.60018041926928,77.22695399681457,"Japanese, Thai, Italian, Asian",4.1,2500.0
33,,Masala Library,Indian Restaurant,28.618814,77.21809,"North Indian, South Indian, Street Food",3.9,800.0
34,,eau de Monsoon,Indian Restaurant,28.618780576519963,77.21817254979929,"Continental, European, North Indian",4.0,4500.0
35,,Ichiban,Chinese Restaurant,28.608002403345424,77.22979679951833,"Chinese, Thai, Japanese",4.0,1200.0
36,,Lodi -The Garden Restaurant,Modern European Restaurant,28.590734573806962,77.22109782860821,Chinese,3.6,350.0
37,,The All American Diner,Diner,28.589250577250006,77.22558629729524,"American, Salad",4.1,1800.0
38,,Choko La,Food,28.600138794487933,77.22644666913693,"Bakery, Desserts, Cafe",3.9,700.0
39,,The One,Restaurant,28.619146410488508,77.21790800719232,Continental,4.0,4500.0
40,,Delhi-o-Delhi,Indian Restaurant,28.589280520232073,77.22584827793551,"American, Salad",4.1,1800.0
41,,Sidewok,Asian Restaurant,28.600765667334848,77.22701344517577,"Asian, Chinese, Japanese, Thai",4.0,2000.0
42,,Baci,Italian Restaurant,28.601524428890578,77.24129321579618,American,4.4,2300.0
43,,The Coffee Bean And Tea Leaf,Café,28.600190716579885,77.22678658420796,"Cafe, Fast Food",3.9,700.0
44,,Oriental Octopus At Habitat,Chinese Restaurant,28.589232437923798,77.22568297009319,"American, Salad",4.1,1800.0
45,,Pandara Rd,Indian Restaurant,28.607999832217057,77.22989797242407,"Chinese, Thai, Japanese",4.0,1200.0
46,,"Le Belvedere, Le Meridien",Chinese Restaurant,28.618780424159272,77.21819405892465,"Continental, European, North Indian",4.0,4500.0
47,,Taipan,Chinese Restaurant,28.596381599049252,77.23976220696932,NA,0,0.0
48,,McDonald's,Fast Food Restaurant,28.600607925464374,77.22778777419222,"Italian, Pizza, Salad, Finger Food",4.0,3500.0
49,,Subway,Sandwich Place,28.5995844497909,77.22618510662795,"Wraps, Healthy Food, Sandwich, Salad",3.9,350.0
50,,Barcelos,Portuguese Restaurant,28.600379573312342,77.2270068585294,"Italian, Asian, European",4.9,2000.0
51,,Cafe Coffee Day,Café,28.59980834776502,77.22675299743563,"Bar Food, Asian, Mexican, American",4.1,1500.0
52,,Pindi Restaurant,Restaurant,28.608018528891723,77.2298963114413,"North Indian, Mughlai, Kebab",4.4,2500.0
53,,Sidewok (With Liquor),Chinese Restaurant,28.599813959695307,77.22695633585137,"Bakery, Desserts, Cafe",3.9,700.0
54,,Latitude 28,Café,28.59958791933262,77.2264117137863,"American, Continental, Italian, Juices",3.9,2000.0
55,,Eatopia,Food Court,28.58998253129265,77.22550008124124,"Pizza, Fast Food",3.6,500.0
56,,The Kitchen,Eastern European Restaurant,28.599850861853835,77.22638309121834,"North Indian, Chinese, Healthy Food",3.4,500.0
57,,Akash Air Force Officers Mess,Cafeteria,28.607946030057683,77.23423699212007,Cafe,0,500.0
58,,Larry's China,Chinese Restaurant,28.601760878492893,77.22919615380913,Chinese,3.9,3200.0
59,,Delhi high court canteen,Cafeteria,28.60885933520754,77.23691449904433,Cafe,0,500.0
60,,The House of Ming,Chinese Restaurant,28.604503816964385,77.22359231888505,Chinese,4.1,5500.0
61,,Bombay Bhel Puri counter - Sunder Nagar,Snack Place,28.602452,77.240743,North Indian,3.9,550.0
62,,Kamal Restaurant,Indian Restaurant,28.60235,77.240698,South Indian,0,150.0
63,,Nathu's,Indian Restaurant,28.60247264877011,77.24077067576414,North Indian,3.1,250.0
64,,Sunder Nagar,Indian Restaurant,28.6022821763985,77.24079874063452,North Indian,3.9,550.0
65,,Spaghetti Kitchen,Italian Restaurant,28.602428406122005,77.24107377601055,"Continental, European",3.9,2200.0
66,,number 8 sundernagar market,Café,28.602582874738246,77.24125339060359,"North Indian, South Indian, Chinese, Street Food, Fast Food, Mithai, Desserts",3.8,600.0
67,,Jade,Chinese Restaurant,28.600383802307814,77.21678961059109,Chinese,3.9,5000.0
68,,Pickwicks,Breakfast Spot,28.60056299912618,77.21667975591778,"European, Continental",3.9,3600.0
69,,Turant,Chinese Restaurant,28.620974,77.237221,Chinese,3.7,300.0
70,,Aap Ki Khatir,Indian Restaurant,28.592860832086362,77.24133758484983,Mughlai,0,300.0
71,,Slice of Italy,Pizza Place,28.59301451828417,77.24201917648315,"Bakery, Desserts, Beverages",3.8,200.0
72,,ఆంధ్ర భవన్ (Andhra Bhavan),Indian Restaurant,28.619656633029656,77.21996068954468,"South Indian, Andhra",4.1,300.0
